run,neighborhoodsExplored,nonTabuNeighborhoodsExplored,betterNonTabuNeighborhoodsExplored,worseNonTabuNeighborhoodsExplored,tabuNeighborhoodsExplored,legalNeighborhoodsExplored,betterLegalNeighborhoodsExplored,worseLegalNeighborhoodsExplored,start,end,duration,cost,costWithPenalty,penalty,softConstraintViolations
1,644043,638474,1646,636828,5568,33496,0,33496,Sun Jun 26 03:15:30 CEST 2011,Sun Jun 26 03:20:30 CEST 2011,300003,64463,64463.0,0.0,0
2,650036,644507,1676,642831,5528,35616,0,35616,Sun Jun 26 03:20:30 CEST 2011,Sun Jun 26 03:25:30 CEST 2011,300003,64948,64948.0,0.0,0
3,647077,641796,1668,640128,5280,34515,0,34515,Sun Jun 26 03:25:31 CEST 2011,Sun Jun 26 03:30:31 CEST 2011,300004,63660,63660.0,0.0,0
4,647149,641635,1655,639980,5514,35015,0,35015,Sun Jun 26 03:30:31 CEST 2011,Sun Jun 26 03:35:31 CEST 2011,300004,64463,64463.0,0.0,0
5,653391,647863,1684,646179,5527,36739,0,36739,Sun Jun 26 03:35:31 CEST 2011,Sun Jun 26 03:40:31 CEST 2011,300003,64197,64197.0,0.0,0
6,650902,645260,1667,643593,5642,34645,0,34645,Sun Jun 26 03:40:32 CEST 2011,Sun Jun 26 03:45:32 CEST 2011,300004,63660,63660.0,0.0,0
7,649505,644154,1663,642491,5350,34698,0,34698,Sun Jun 26 03:45:32 CEST 2011,Sun Jun 26 03:50:32 CEST 2011,300004,64463,64463.0,0.0,0
8,647183,641676,1674,640002,5507,34203,0,34203,Sun Jun 26 03:50:32 CEST 2011,Sun Jun 26 03:55:32 CEST 2011,300004,64948,64948.0,0.0,0
9,647500,642248,1655,640593,5252,33311,0,33311,Sun Jun 26 03:55:32 CEST 2011,Sun Jun 26 04:00:32 CEST 2011,300005,63843,63843.0,0.0,0
10,653434,647983,1670,646313,5450,34823,0,34823,Sun Jun 26 04:00:32 CEST 2011,Sun Jun 26 04:05:32 CEST 2011,300003,64470,64470.0,0.0,0
